{
    "train": {
        "loss": 0.00028929902989396146,
        "topk_acc": [
            0.9999540265140642,
            0.8574248305809593,
            0.8340762550167774
        ],
        "pr_auc": [
            0.9999995069566784,
            0.9162480551294024,
            0.8950239161969508
        ],
        "true_counts": [
            815926816,
            121592,
            121592
        ],
        "pred_counts": [
            815947341,
            112380,
            110279
        ]
    },
    "val": {
        "loss": 0.0002629651058622919,
        "topk_acc": [
            0.9999613079451145,
            0.869260017548991,
            0.8446183094472068
        ],
        "pr_auc": [
            0.99999947862698,
            0.9303582390441205,
            0.9077771844279607
        ],
        "true_counts": [
            101002648,
            13676,
            13676
        ],
        "pred_counts": [
            101000738,
            14547,
            14715
        ]
    }
}