{
    "train": {
        "loss": 0.0001332526624987893,
        "topk_acc": [
            0.9999794638444632,
            0.935176656358971,
            0.9270428975590499
        ],
        "pr_auc": [
            0.9999998765088206,
            0.9755198900311567,
            0.9699412469017429
        ],
        "true_counts": [
            815926816,
            121592,
            121592
        ],
        "pred_counts": [
            815935785,
            117368,
            116847
        ]
    },
    "val": {
        "loss": 0.000186758934306235,
        "topk_acc": [
            0.9999758224160618,
            0.9182509505703422,
            0.9027493419128401
        ],
        "pr_auc": [
            0.9999994548985933,
            0.9617117433411487,
            0.9488733245726572
        ],
        "true_counts": [
            101002648,
            13676,
            13676
        ],
        "pred_counts": [
            101005666,
            12270,
            12064
        ]
    }
}