{
    "train": {
        "loss": 0.00032204075063743735,
        "topk_acc": [
            0.9999479818542941,
            0.838484439765774,
            0.8124712152115271
        ],
        "pr_auc": [
            0.9999994910199522,
            0.9001395138163127,
            0.873786393471019
        ],
        "true_counts": [
            815926816,
            121592,
            121592
        ],
        "pred_counts": [
            815951063,
            110846,
            108091
        ]
    },
    "val": {
        "loss": 0.00031693304711702294,
        "topk_acc": [
            0.9999585654427595,
            0.8603392804913718,
            0.8370137467095642
        ],
        "pr_auc": [
            0.9999995140154663,
            0.921848806166669,
            0.9020703818798487
        ],
        "true_counts": [
            101002648,
            13676,
            13676
        ],
        "pred_counts": [
            100997410,
            17003,
            15587
        ]
    }
}