{
    "train": {
        "loss": 0.00024912811765650893,
        "topk_acc": [
            0.9999610933243307,
            0.8770642805447727,
            0.861783669978288
        ],
        "pr_auc": [
            0.999999594430253,
            0.9333562839993967,
            0.9180193260405528
        ],
        "true_counts": [
            815926816,
            121592,
            121592
        ],
        "pred_counts": [
            815943896,
            113667,
            112437
        ]
    },
    "val": {
        "loss": 0.00026639864591754904,
        "topk_acc": [
            0.9999632781904886,
            0.8789119625621526,
            0.8498830067271131
        ],
        "pr_auc": [
            0.9999994836776319,
            0.9383919680219602,
            0.9160285189274802
        ],
        "true_counts": [
            101002648,
            13676,
            13676
        ],
        "pred_counts": [
            100999424,
            15675,
            14901
        ]
    }
}