{
    "train": {
        "loss": 0.00015815854940257258,
        "topk_acc": [
            0.9999759292137299,
            0.9241973156128692,
            0.9142871241529048
        ],
        "pr_auc": [
            0.9999998157196348,
            0.9675580956031865,
            0.9602282574352201
        ],
        "true_counts": [
            815926816,
            121592,
            121592
        ],
        "pred_counts": [
            815937414,
            116562,
            116024
        ]
    },
    "val": {
        "loss": 0.0001709491238147212,
        "topk_acc": [
            0.9999765649708511,
            0.9170810178414741,
            0.9095495758993858
        ],
        "pr_auc": [
            0.9999994868217891,
            0.9621928266978323,
            0.9535674059906376
        ],
        "true_counts": [
            101002648,
            13676,
            13676
        ],
        "pred_counts": [
            101005310,
            12398,
            12292
        ]
    }
}