{
    "train": {
        "loss": 0.0001967484898053965,
        "topk_acc": [
            0.9999697926339511,
            0.9045331929732219,
            0.8927889992762682
        ],
        "pr_auc": [
            0.999999674226102,
            0.954161764187398,
            0.943736951040655
        ],
        "true_counts": [
            815926816,
            121592,
            121592
        ],
        "pred_counts": [
            815940251,
            115242,
            114507
        ]
    },
    "val": {
        "loss": 0.00022650411366054027,
        "topk_acc": [
            0.9999708027456864,
            0.899020181339573,
            0.8853465925709272
        ],
        "pr_auc": [
            0.9999995449890328,
            0.95008277485014,
            0.9357209424639981
        ],
        "true_counts": [
            101002648,
            13676,
            13676
        ],
        "pred_counts": [
            101006680,
            11853,
            11467
        ]
    }
}