{
    "train": {
        "loss": 0.00021523792742055237,
        "topk_acc": [
            0.999966949241683,
            0.8958566353049543,
            0.8823524573985131
        ],
        "pr_auc": [
            0.9999996629234339,
            0.9470251351063649,
            0.9349848586457192
        ],
        "true_counts": [
            815926816,
            121592,
            121592
        ],
        "pred_counts": [
            815941463,
            114674,
            113863
        ]
    },
    "val": {
        "loss": 0.00019609469741168784,
        "topk_acc": [
            0.9999720205355408,
            0.9049429657794676,
            0.8897338403041825
        ],
        "pr_auc": [
            0.9999994266554046,
            0.9532044047138699,
            0.9412552103473003
        ],
        "true_counts": [
            101002648,
            13676,
            13676
        ],
        "pred_counts": [
            101002041,
            14324,
            13635
        ]
    }
}