{
    "train": {
        "loss": 0.00016785843876403244,
        "topk_acc": [
            0.9999743788295836,
            0.9193203500230278,
            0.908785117441937
        ],
        "pr_auc": [
            0.9999997733813685,
            0.9642745505502338,
            0.9562422350052494
        ],
        "true_counts": [
            815926816,
            121592,
            121592
        ],
        "pred_counts": [
            815938097,
            116195,
            115708
        ]
    },
    "val": {
        "loss": 0.00017247446447970417,
        "topk_acc": [
            0.9999762580482048,
            0.9175197426147996,
            0.9069172272594326
        ],
        "pr_auc": [
            0.9999994901350643,
            0.9614763819747922,
            0.9527688048705618
        ],
        "true_counts": [
            101002648,
            13676,
            13676
        ],
        "pred_counts": [
            101002372,
            13685,
            13943
        ]
    }
}