{
    "train": {
        "loss": 0.00026663203525202216,
        "topk_acc": [
            0.9999581384024521,
            0.8690292124481874,
            0.8500148036055004
        ],
        "pr_auc": [
            0.999999561641994,
            0.925611600376894,
            0.9085623082613019
        ],
        "true_counts": [
            815926816,
            121592,
            121592
        ],
        "pred_counts": [
            815945108,
            113157,
            111735
        ]
    },
    "val": {
        "loss": 0.00021308521269319602,
        "topk_acc": [
            0.9999673473907338,
            0.8902456858730623,
            0.8686750511845569
        ],
        "pr_auc": [
            0.9999994967896034,
            0.9438157675371852,
            0.9263232038672486
        ],
        "true_counts": [
            101002648,
            13676,
            13676
        ],
        "pred_counts": [
            101003485,
            13323,
            13192
        ]
    }
}