{
    "train": {
        "loss": 0.00018629170746896868,
        "topk_acc": [
            0.9999715391141158,
            0.9103559444700309,
            0.8986857688005789
        ],
        "pr_auc": [
            0.999999726532026,
            0.9578087822729736,
            0.9482476112951119
        ],
        "true_counts": [
            815926816,
            121592,
            121592
        ],
        "pred_counts": [
            815939510,
            115588,
            114902
        ]
    },
    "val": {
        "loss": 0.00017736213224832427,
        "topk_acc": [
            0.9999745056189022,
            0.912766890903773,
            0.899020181339573
        ],
        "pr_auc": [
            0.9999994255598342,
            0.9586128026678883,
            0.9474384658544732
        ],
        "true_counts": [
            101002648,
            13676,
            13676
        ],
        "pred_counts": [
            101004453,
            12877,
            12670
        ]
    }
}