{
    "train": {
        "loss": 0.00013875527650934971,
        "topk_acc": [
            0.9999787101003922,
            0.933243963418646,
            0.9239423646292519
        ],
        "pr_auc": [
            0.9999998525494442,
            0.9738760817893735,
            0.9675157331807446
        ],
        "true_counts": [
            815926816,
            121592,
            121592
        ],
        "pred_counts": [
            815936200,
            117143,
            116657
        ]
    },
    "val": {
        "loss": 0.0001994097630951636,
        "topk_acc": [
            0.9999762382467438,
            0.9177391050014624,
            0.9072828312372039
        ],
        "pr_auc": [
            0.9999994509863354,
            0.9615177376702964,
            0.9518394456455695
        ],
        "true_counts": [
            101002648,
            13676,
            13676
        ],
        "pred_counts": [
            101000299,
            14652,
            15049
        ]
    }
}