{
    "train": {
        "loss": 0.00012956320233427742,
        "topk_acc": [
            0.9999799884013127,
            0.937076452398184,
            0.9286795183893677
        ],
        "pr_auc": [
            0.999999887609958,
            0.9767995268065103,
            0.9711221298309006
        ],
        "true_counts": [
            815926816,
            121592,
            121592
        ],
        "pred_counts": [
            815935470,
            117492,
            117038
        ]
    },
    "val": {
        "loss": 0.00017186912099290727,
        "topk_acc": [
            0.9999759709270196,
            0.9173003802281369,
            0.9065516232816613
        ],
        "pr_auc": [
            0.9999994810320023,
            0.9613490951260792,
            0.9517356953271574
        ],
        "true_counts": [
            101002648,
            13676,
            13676
        ],
        "pred_counts": [
            101003690,
            13418,
            12892
        ]
    }
}