{
    "train": {
        "loss": 0.0001235385807775739,
        "topk_acc": [
            0.999980776462187,
            0.9396588591354694,
            0.9313441673794328
        ],
        "pr_auc": [
            0.9999999010452508,
            0.9786702410021486,
            0.9732948127513983
        ],
        "true_counts": [
            815926816,
            121592,
            121592
        ],
        "pred_counts": [
            815935003,
            117680,
            117317
        ]
    },
    "val": {
        "loss": 0.00017089471074990497,
        "topk_acc": [
            0.9999775352424424,
            0.9230038022813688,
            0.9124012869260018
        ],
        "pr_auc": [
            0.9999995637684546,
            0.9633877822716895,
            0.9542187229191279
        ],
        "true_counts": [
            101002648,
            13676,
            13676
        ],
        "pred_counts": [
            101002326,
            13657,
            14017
        ]
    }
}