{
    "train": {
        "loss": 0.0001775373810882896,
        "topk_acc": [
            0.9999729706150509,
            0.9147476807684716,
            0.9039163760773735
        ],
        "pr_auc": [
            0.9999997309343478,
            0.9609876347506253,
            0.9521734294486996
        ],
        "true_counts": [
            815926816,
            121592,
            121592
        ],
        "pred_counts": [
            815938869,
            115900,
            115231
        ]
    },
    "val": {
        "loss": 0.00017489954241889654,
        "topk_acc": [
            0.9999742382991781,
            0.9102076630593741,
            0.8991664229306815
        ],
        "pr_auc": [
            0.9999994833977499,
            0.9587852401484831,
            0.9483835268668706
        ],
        "true_counts": [
            101002648,
            13676,
            13676
        ],
        "pred_counts": [
            101003214,
            13371,
            13415
        ]
    }
}