{
    "train": {
        "loss": 0.0002050466890034279,
        "topk_acc": [
            0.9999685339426324,
            0.9007911704717415,
            0.8879860517139285
        ],
        "pr_auc": [
            0.9999996713410877,
            0.9511374441024684,
            0.9398320363223042
        ],
        "true_counts": [
            815926816,
            121592,
            121592
        ],
        "pred_counts": [
            815940776,
            114940,
            114284
        ]
    },
    "val": {
        "loss": 0.0002240555243392746,
        "topk_acc": [
            0.9999715254990147,
            0.9017987715706347,
            0.8884907867797601
        ],
        "pr_auc": [
            0.999999544617114,
            0.9512886416280648,
            0.9412905179830819
        ],
        "true_counts": [
            101002648,
            13676,
            13676
        ],
        "pred_counts": [
            100999572,
            15432,
            14996
        ]
    }
}