{
    "train": {
        "loss": 0.00023391781035237027,
        "topk_acc": [
            0.9999638276381886,
            0.8863083097572209,
            0.8710112507401803
        ],
        "pr_auc": [
            0.999999594469595,
            0.9399895709651835,
            0.925908987136674
        ],
        "true_counts": [
            815926816,
            121592,
            121592
        ],
        "pred_counts": [
            815942739,
            114184,
            113077
        ]
    },
    "val": {
        "loss": 0.00021768350144398777,
        "topk_acc": [
            0.9999677434199546,
            0.8915618601930388,
            0.869844983913425
        ],
        "pr_auc": [
            0.999999476934295,
            0.9448683685012607,
            0.9281679238172412
        ],
        "true_counts": [
            101002648,
            13676,
            13676
        ],
        "pred_counts": [
            101002314,
            14020,
            13666
        ]
    }
}