{
    "train": {
        "loss": 0.00038418843296683484,
        "topk_acc": [
            0.999936528621214,
            0.8027748536087901,
            0.7713171919205211
        ],
        "pr_auc": [
            0.9999994580565317,
            0.8663754943164524,
            0.8302797568483153
        ],
        "true_counts": [
            815926816,
            121592,
            121592
        ],
        "pred_counts": [
            815959682,
            107467,
            102851
        ]
    },
    "val": {
        "loss": 0.00026892213046969256,
        "topk_acc": [
            0.9999572288441388,
            0.8550014624159111,
            0.8293360631763673
        ],
        "pr_auc": [
            0.99999943632337,
            0.9173923409978813,
            0.8932116994710687
        ],
        "true_counts": [
            101002648,
            13676,
            13676
        ],
        "pred_counts": [
            101005682,
            12039,
            12279
        ]
    }
}