{
    "train": {
        "loss": 0.0009479414797380719,
        "topk_acc": [
            0.999836614022991,
            0.505066122771235,
            0.39731232317915655
        ],
        "pr_auc": [
            0.9999985442411652,
            0.4966681126316057,
            0.3430133872673362
        ],
        "true_counts": [
            815926816,
            121592,
            121592
        ],
        "pred_counts": [
            816069225,
            61003,
            39772
        ]
    },
    "val": {
        "loss": 0.0006256523981242429,
        "topk_acc": [
            0.9998917553131874,
            0.6527493419128401,
            0.5478941210880375
        ],
        "pr_auc": [
            0.9999992928798023,
            0.689526777383402,
            0.5334189725893224
        ],
        "true_counts": [
            101002648,
            13676,
            13676
        ],
        "pred_counts": [
            101014095,
            8715,
            7190
        ]
    }
}