{
    "train": {
        "loss": 0.0001442498425695079,
        "topk_acc": [
            0.9999778619851122,
            0.9305381933021909,
            0.9209816435291796
        ],
        "pr_auc": [
            0.9999998605342865,
            0.9720069399772325,
            0.9654691653800359
        ],
        "true_counts": [
            815926816,
            121592,
            121592
        ],
        "pred_counts": [
            815936654,
            116912,
            116434
        ]
    },
    "val": {
        "loss": 0.00016466536343142263,
        "topk_acc": [
            0.9999775946468255,
            0.9221263527347178,
            0.9128400116993273
        ],
        "pr_auc": [
            0.9999994561491671,
            0.9647969512493975,
            0.9557684720152658
        ],
        "true_counts": [
            101002648,
            13676,
            13676
        ],
        "pred_counts": [
            101004757,
            12757,
            12486
        ]
    }
}