{
    "train": {
        "loss": 0.0004947146090246784,
        "topk_acc": [
            0.9999162118480979,
            0.7384202908086058,
            0.6996512928482137
        ],
        "pr_auc": [
            0.9999992792760476,
            0.7979834301704376,
            0.7470832053365902
        ],
        "true_counts": [
            815926816,
            121592,
            121592
        ],
        "pred_counts": [
            815979303,
            99410,
            91287
        ]
    },
    "val": {
        "loss": 0.0006464853046814317,
        "topk_acc": [
            0.9999274771489159,
            0.7553378180754606,
            0.710807253582919
        ],
        "pr_auc": [
            0.9999993425388854,
            0.8203295233256734,
            0.7660329482888972
        ],
        "true_counts": [
            101002648,
            13676,
            13676
        ],
        "pred_counts": [
            101019064,
            5740,
            5196
        ]
    }
}