{
    "train": {
        "loss": 0.004490078717023485,
        "topk_acc": [
            0.9997026350951554,
            0.02447529442726495,
            0.004202579117047174
        ],
        "pr_auc": [
            0.9999421456096088,
            0.016807398038566887,
            0.009967858618454728
        ],
        "true_counts": [
            815926816,
            121592,
            121592
        ],
        "pred_counts": [
            815241750,
            399196,
            529054
        ]
    },
    "val": {
        "loss": 0.001081378259393976,
        "topk_acc": [
            0.9998164602575568,
            0.3436677391050015,
            0.30089207370576193
        ],
        "pr_auc": [
            0.9999987207999474,
            0.27373625502430005,
            0.22296418491993203
        ],
        "true_counts": [
            101002648,
            13676,
            13676
        ],
        "pred_counts": [
            101026937,
            2038,
            1025
        ]
    }
}