{
    "train": {
        "loss": 0.0002226656479622328,
        "topk_acc": [
            0.9999656329471588,
            0.8921475097045858,
            0.8772205408250543
        ],
        "pr_auc": [
            0.9999996086138025,
            0.9444232036063294,
            0.9314606453189362
        ],
        "true_counts": [
            815926816,
            121592,
            121592
        ],
        "pred_counts": [
            815941628,
            114682,
            113690
        ]
    },
    "val": {
        "loss": 0.00020026680104371126,
        "topk_acc": [
            0.9999705849296149,
            0.8998245100906698,
            0.8826411231354198
        ],
        "pr_auc": [
            0.9999995217780661,
            0.9501769858124101,
            0.9365701687916612
        ],
        "true_counts": [
            101002648,
            13676,
            13676
        ],
        "pred_counts": [
            101002618,
            13789,
            13593
        ]
    }
}