{
    "train": {
        "loss": 0.0001737248221901136,
        "topk_acc": [
            0.9999735576775062,
            0.9164747680768471,
            0.906054674649648
        ],
        "pr_auc": [
            0.9999997592278649,
            0.9621525573707902,
            0.9539206167546901
        ],
        "true_counts": [
            815926816,
            121592,
            121592
        ],
        "pred_counts": [
            815938563,
            116064,
            115373
        ]
    },
    "val": {
        "loss": 0.00016593873783389012,
        "topk_acc": [
            0.9999757630116787,
            0.9159842059081603,
            0.9051623281661304
        ],
        "pr_auc": [
            0.9999994737466489,
            0.9614912224871545,
            0.9519870940144542
        ],
        "true_counts": [
            101002648,
            13676,
            13676
        ],
        "pred_counts": [
            101003752,
            13224,
            13024
        ]
    }
}