{
    "train": {
        "loss": 0.0006613594533322338,
        "topk_acc": [
            0.9998846747059236,
            0.6482169879597341,
            0.578006776761629
        ],
        "pr_auc": [
            0.9999992130348068,
            0.6872422033682396,
            0.5860153821844047
        ],
        "true_counts": [
            815926816,
            121592,
            121592
        ],
        "pred_counts": [
            816014923,
            85706,
            69371
        ]
    },
    "val": {
        "loss": 0.00047549536211130246,
        "topk_acc": [
            0.999921180284303,
            0.7247002047382276,
            0.6934776250365604
        ],
        "pr_auc": [
            0.9999993644581954,
            0.785434100889236,
            0.7492598334806755
        ],
        "true_counts": [
            101002648,
            13676,
            13676
        ],
        "pred_counts": [
            101013366,
            9090,
            7544
        ]
    }
}