{
    "train": {
        "loss": 0.0001899996909442822,
        "topk_acc": [
            0.9999710721604718,
            0.9081765247713666,
            0.8977070859924995
        ],
        "pr_auc": [
            0.999999715163545,
            0.9563366869200571,
            0.947064037456645
        ],
        "true_counts": [
            815926816,
            121592,
            121592
        ],
        "pred_counts": [
            815939645,
            115476,
            114879
        ]
    },
    "val": {
        "loss": 0.00017021349769861502,
        "topk_acc": [
            0.9999750006554283,
            0.9132787364726528,
            0.9023837379350688
        ],
        "pr_auc": [
            0.9999994712446867,
            0.9595591001829065,
            0.9492464993952725
        ],
        "true_counts": [
            101002648,
            13676,
            13676
        ],
        "pred_counts": [
            101003747,
            13221,
            13032
        ]
    }
}