{
    "train": {
        "loss": 0.00016342823506865014,
        "topk_acc": [
            0.9999749303496357,
            0.9210556615566814,
            0.9106602408053162
        ],
        "pr_auc": [
            0.9999997942051363,
            0.9661667966857219,
            0.9579513108858024
        ],
        "true_counts": [
            815926816,
            121592,
            121592
        ],
        "pred_counts": [
            815937836,
            116324,
            115840
        ]
    },
    "val": {
        "loss": 0.00017030859080362841,
        "topk_acc": [
            0.9999756838058345,
            0.9162035682948231,
            0.9040655162328166
        ],
        "pr_auc": [
            0.9999994711578234,
            0.9616056793240999,
            0.953013887925101
        ],
        "true_counts": [
            101002648,
            13676,
            13676
        ],
        "pred_counts": [
            101002691,
            13649,
            13660
        ]
    }
}