{
    "train": {
        "loss": 0.00015020871807141945,
        "topk_acc": [
            0.9999770518634358,
            0.9279557865649056,
            0.9180373708796631
        ],
        "pr_auc": [
            0.9999998423220497,
            0.9700998986513054,
            0.9632725328155635
        ],
        "true_counts": [
            815926816,
            121592,
            121592
        ],
        "pred_counts": [
            815936902,
            116794,
            116304
        ]
    },
    "val": {
        "loss": 0.0001879345170292956,
        "topk_acc": [
            0.9999753372802661,
            0.9134980988593155,
            0.9043579994150336
        ],
        "pr_auc": [
            0.9999995123169613,
            0.9589235294852991,
            0.9506854789180008
        ],
        "true_counts": [
            101002648,
            13676,
            13676
        ],
        "pred_counts": [
            101001449,
            14280,
            14271
        ]
    }
}