{
    "train": {
        "loss": 0.0001551048957264134,
        "topk_acc": [
            0.9999763348873681,
            0.9252993618001184,
            0.9158826238568327
        ],
        "pr_auc": [
            0.9999998173012143,
            0.9684324567117066,
            0.9614658660601104
        ],
        "true_counts": [
            815926816,
            121592,
            121592
        ],
        "pred_counts": [
            815937316,
            116643,
            116041
        ]
    },
    "val": {
        "loss": 0.00016629631600268642,
        "topk_acc": [
            0.9999760204306722,
            0.9171541386370283,
            0.9057472945305645
        ],
        "pr_auc": [
            0.9999995242007058,
            0.9612389770060483,
            0.9510839618081022
        ],
        "true_counts": [
            101002648,
            13676,
            13676
        ],
        "pred_counts": [
            101003269,
            13590,
            13141
        ]
    }
}